id,brand,model,variants,segment,price,batteryKwh,rangeKm,rangeStandard,batteryType,acCharging,dcCharging,clearanceMm,vehicleWarranty,batteryWarranty,motorWarranty,distributor,sourceUrl,officialSourceUrl,sourceTier,checkedAt
"seres-e1","Seres","E1","","City","1649000","13.8","180","WLTP","Lithium iron phosphate battery","3.3","","140","","","","","https://www.ev-nepal.com/cars/seres-e1-price-in-nepal","","market-directory","2026-07-27"
"mg-comet","MG","Comet EV","Pace · Play","City","1875000","17.3","230","ARAI","Li-ion (Prismatic Cell)","3.5 hours (7.4kW), 7 hours (3.3kW)","","","3 years or 1 Lakh kilometres","","","Paramount Motors Pvt. Ltd.","https://www.ev-nepal.com/cars/mg-comet-price-in-nepal","https://mgmotor.com.np/","official-source-linked","2026-07-27"
"henrey-volts","Henrey","Volts","","City","1995000","17","200","NEDC","","","","","","","","","https://www.ev-nepal.com/cars/henrey-volts-price-in-nepal","","market-directory","2026-07-27"
"baw-brumby","BAW","Brumby","","City","1999000","17.28","205","CLTC","LFP","3.5 - 4 hours","","","6 years or 120000 km","","","","https://www.ev-nepal.com/cars/baw-brumby-price-in-nepal","","market-directory","2026-07-27"
"lingbox-ec01","Lingbox","EC01","","City","2099000","20.7","240","NEDC","","","","","","","","","https://www.ev-nepal.com/cars/jinpeng-lingbox-ec01-price-in-nepal","","market-directory","2026-07-27"
"changan-lumin","Changan","Lumin","","City","2296000","28.08","301","NEDC","","","","","","","","MAW Vriddhi Autocorp Pvt. Ltd.","https://www.ev-nepal.com/cars/changan-lumin-price-in-nepal","","market-directory","2026-07-27"
"kaiyi-equte","Kaiyi","e-Qute","02 · 04","City","2296000","17.69","200","CLTC","","","","","","","","","https://www.ev-nepal.com/cars/kaiyi-e-qute-02-price-in-nepal","","market-directory","2026-07-27"
"wuling-air","Wuling","Air EV","Standard · Long Range","City","2499000","17.3","200","WLTP","Lithium Ferro-Phosphate","8.5 hours with 2.0 kW AC","","","","","","","https://www.ev-nepal.com/cars/wuling-air-ev-price-in-nepal","","market-directory","2026-07-27"
"tata-tiago","Tata","Tiago.ev","XT · XZ+ Tech Lux","Hatchback","2749000","24","205","MIDC","Lithium-ion","","","","3 years or 1,25,000 km (whichever is earlier)","","","Sipradi Trading Pvt. Ltd.","https://www.ev-nepal.com/cars/tata-tiago-ev-price-in-nepal","https://cars.tatamotors.com.np/","official-source-linked","2026-07-27"
"leapmotor-t03","Leapmotor","T03","","Hatchback","2899000","37.3","265","WLTP","","6.6","48 / 10-80% in 36 min (30-80%)","","3 Years or 100000 Kms","","","Shangrila Motors Pvt. Ltd.","https://www.ev-nepal.com/cars/leapmotor-t03-price-in-nepal","https://www.leapmotornepal.com/","official-source-linked","2026-07-27"
"tata-tigor","Tata","Tigor EV","XE · XM · XZ+","Hatchback","2999000","26","306","ARAI","High Energy Density Lithium-ion","9.4** hours (SOC 10% to 100%)","10-80% in 59** minutes","","3 Years / 1,25,000 km (whichever is earlier)","","","Sipradi Trading Pvt. Ltd.","https://www.ev-nepal.com/cars/tata-tigor-ev-price-in-nepal","https://cars.tatamotors.com.np/","official-source-linked","2026-07-27"
"proton-emas5","Proton","e.MAS 5","Prime · Premium","Hatchback","2999000","40","325","WLTP","CATL LFP Battery","5.9 hrs","71 kW","","6-year unlimited mileage","","5-year unlimited internet data","","https://www.ev-nepal.com/cars/proton-e.mas-5-price-in-nepal","","market-directory","2026-07-27"
"wuling-binguo","Wuling","Binguo EV","","Hatchback","3199000","31.9","330","WLTP","Lithium Ion battery","","","","3 year / 100,000 kilometre warranty","","","","https://www.ev-nepal.com/cars/wuling-binguo-price-in-nepal","","market-directory","2026-07-27"
"nammi-01","Dongfeng","Nammi 01","E2 · E3","Hatchback","3249000","31.4","237","WLTP","LFP","8.5 hours","","","8 years or 160000km","","3 years or 125000km","MAW Vriddhi Autocorp Pvt. Ltd.","https://www.ev-nepal.com/cars/dongfeng-nammi-01-price-in-nepal","","market-directory","2026-07-27"
"citroen-ec3","Citroën","ë-C3","Live · Shine","Hatchback","3499000","29.2","320","MIDC","High Energy Density Lithium-Ion Battery Pack","3.3 / 10 Hours 30 minutes (SOC 10%-100% from any 15amp plug point)","10-80% in 57 minutes","","8 years or 160000km","","3 years or 125000km","","https://www.ev-nepal.com/cars/citroen-e-c3-price-in-nepal","","market-directory","2026-07-27"
"tata-punch","Tata","Punch.ev","MR · LR","SUV","3499000","25","315","ARAI","","","","190","3 Year or 1,25,000 km (whichever is earlier)","","8 Year or 1,60,000 km (whichever is earlier)","Sipradi Trading Pvt. Ltd.","https://www.ev-nepal.com/cars/tata-punch-ev-price-in-nepal","https://cars.tatamotors.com.np/","official-source-linked","2026-07-27"
"neta-v","Neta","V","","SUV","3899000","40.7","380","NEDC","LFP (CATL)","8 hours (0-100%)","10-80% in 20 mins (30%-80%)","170","","","","","https://www.ev-nepal.com/cars/hozon-neta-v-price-in-nepal","","market-directory","2026-07-27"
"nammi-vigo","Dongfeng","Nammi Vigo","E2 · E2+","SUV","4099000","44.94","300","WLTP","LFP","","167kW / 10-80% in 30min","","","","","MAW Vriddhi Autocorp Pvt. Ltd.","https://www.ev-nepal.com/cars/dongfeng-nammi-vigo-price-in-nepal","","market-directory","2026-07-27"
"byd-dolphin","BYD","Dolphin","","Hatchback","4115000","44.9","340","WLTP","BYD Blade Battery (LFP)","4 - 4.5 hours","60","175","6 years or 120000 km","","","Cimex Inc. Pvt. Ltd.","https://www.ev-nepal.com/cars/byd-dolphin-price-in-nepal","https://www.byd.com/np","official-source-linked","2026-07-27"
"mg-windsor","MG","Windsor EV","Commute · Excite · Exclusive · Essence","MPV","4149000","38","332","WLTP","","","","186","Lifetime warranty for first owner (private registration); 8 years or 1,60,000 km on ownership change","","","Paramount Motors Pvt. Ltd.","https://www.ev-nepal.com/cars/mg-windsor-price-in-nepal","https://mgmotor.com.np/","official-source-linked","2026-07-27"
"mg-mg4","MG","MG4 EV","Comfort · Luxury","Hatchback","4149000","51","350","WLTP","","7","","","3 Years or 100,000 KM (whichever is earlier)","","","Paramount Motors Pvt. Ltd.","https://www.ev-nepal.com/cars/mg-mg4-price-in-nepal","https://mgmotor.com.np/","official-source-linked","2026-07-27"
"kaiyi-x3","Kaiyi","X3 Pro EV","","SUV","4396000","53.6","370","NEDC","CATL. High-Energy (Lithium Iron Phosphate)","8 Hrs","10-80% in 30 min","","8 Years/150000 Km","","","","https://www.ev-nepal.com/cars/kaiyi-x3-pro-price-in-nepal","","market-directory","2026-07-27"
"mg-s5","MG","S5 EV","Comfort · Deluxe · Luxury","SUV","4399000","49","340","WLTP","LFP by CATL","7","","","1 year","","","Paramount Motors Pvt. Ltd.","https://www.ev-nepal.com/cars/mg-s5-price-in-nepal","https://mgmotor.com.np/","official-source-linked","2026-07-27"
"gwm-ora5","GWM","ORA 5","","SUV","4699000","58.3","435","","","","","","","","","VG Impex Pvt. Ltd.","https://www.ev-nepal.com/cars/gwm-ora-5-price-in-nepal","","market-directory","2026-07-27"
"proton-emas7","Proton","e.MAS 7","Prime · Premium","SUV","4699000","49.52","345","WLTP","AEGIS Short Blade Battery","11","80 / 10-80% in 20 mins (30%-80%)","173","6-year unlimited mileage vehicle warranty","","","","https://www.ev-nepal.com/cars/proton-e.mas-7-price-in-nepal","","market-directory","2026-07-27"
"gwm-ora03","GWM","ORA 03","","Hatchback","4749000","47.88","400","NEDC","","11 kW","","","8 years or 160000km","","3 years or 125000km","VG Impex Pvt. Ltd.","https://www.ev-nepal.com/cars/gwm-ora-03-price-in-nepal","","market-directory","2026-07-27"
"forthing-friday","Forthing","Friday EV","","SUV","4896999","64.4","400","WLTP","","8hrs-12hrs slow charging time (from 0% to 100% SOC)","10-80% in 45mins fast charging time (from 30% to 80% SOC)","","5 years or 150,000 kms, whichever comes first","","","","https://www.ev-nepal.com/cars/forthing-friday-price-in-nepal","","market-directory","2026-07-27"
"byd-atto2","BYD","ATTO 2","","SUV","4899000","51.13","345","WLTP","BYD Blade Battery","","","200","","","","Cimex Inc. Pvt. Ltd.","https://www.ev-nepal.com/cars/byd-atto-2-price-in-nepal","https://www.byd.com/np","official-source-linked","2026-07-27"
"suzuki-evitara","Suzuki","e VITARA","Delta · Zeta · Alpha","SUV","4899000","49","346","WLTP","Lithium Ferrophosphate (LFP)","~6.5 hrs","10-80% in 45 min","185","","","","CG Motocorp Pvt. Ltd.","https://www.ev-nepal.com/cars/suzuki-e-vitara-price-in-nepal","","market-directory","2026-07-27"
"tata-nexon","Tata","Nexon K3.ev","","SUV","4899000","30.2","312","ARAI","","7.2 / 6 hrs 36 min (7.2kW AC), 17 hrs 36 min (15A/AC home)","60 / 10-80% in 40 minutes","190","3 Year or 1,25,000 km (whichever is earlier)","","8 Year or 1,60,000 km (whichever is earlier)","Sipradi Trading Pvt. Ltd.","https://www.ev-nepal.com/cars/tata-nexon-ev-price-in-nepal","https://cars.tatamotors.com.np/","official-source-linked","2026-07-27"
"leapmotor-b10","Leapmotor","B10","Life · Design","SUV","4999000","56.2","380","WLTP","LFP","6.8 h","140","","4 years or 100K kms overall vehicle, including e-power train","","","Shangrila Motors Pvt. Ltd.","https://www.ev-nepal.com/cars/leapmotor-b10-price-in-nepal","https://www.leapmotornepal.com/","official-source-linked","2026-07-27"
"seres-3","Seres","3","Comfort · Premium","SUV","4999000","52.7","405","WLTP","","14 hours (3.3 kW)","","","8 years","","8 years","","https://www.ev-nepal.com/cars/seres-3-price-in-nepal","","market-directory","2026-07-27"
"omoda-e5","Omoda","E5 Pro","","SUV","5159000","61","430","WLTP","Lithium Iron Phosphate (LiFePO4)","6.6kW Single Phase / 9.9kW Three Phase","80kW / 10-80% in 28min","","6 years / 150,000 Kms","","","SPG Automobiles Pvt. Ltd.","https://www.ev-nepal.com/cars/omoda-e5-price-in-nepal","https://omodajaecoonepal.com/price","official-source-linked","2026-07-27"
"hyundai-creta","Hyundai","Creta Electric","Executive · Smart · Premium+","SUV","5196000","42","390","MIDC","Liquid cooled lithium ion battery pack (NMC)","11 kW / 4 hours (10% to 100%) with 420 voltage","50 kW / 10-80% in 58 min","200","8 Years / 1 60 000 km","","","Laxmi Intercontinental Pvt. Ltd.","https://www.ev-nepal.com/cars/hyundai-creta-ev-price-in-nepal","https://laxmihyundai.com/price-list","official-source-linked","2026-07-27"
"mahindra-xuv400","Mahindra","XUV400","","SUV","5250000","39.4","456","MIDC","High energy density Lithium-ion","3.3 kW / 7.2 kW / 13.5 hours (3.3 kW, home) / 6.5 hours (7.2 kW, home)","50 kW / 10-80% in 50 minutes","","3 years or unlimited km","","8 years or 1,60,000 km (whichever is earlier)","Agni Incorporated Pvt. Ltd.","https://www.ev-nepal.com/cars/mahindra-xuv400-price-in-nepal","","market-directory","2026-07-27"
"neta-x","Neta","X","Comfort · Luxury","SUV","5399000","52","323","WLTP","Lithium Iron Phosphate (LFP)","6.6","","","5 years or 150,000 km (General Parts)","","8 years or 180,000 km","","https://www.ev-nepal.com/cars/hozon-neta-x-price-in-nepal","","market-directory","2026-07-27"
"deepal-s05","Deepal","S05","Plus · Max","SUV","5399000","56.1","405","WLTP","Lithium Iron Phosphate (LFP)","7 KW","151.5 KW / 10-80% in 15 minutes (30-80%)","","","","","MAW Vriddhi Autocorp Pvt. Ltd.","https://www.ev-nepal.com/cars/deepal-s05-price-in-nepal","","market-directory","2026-07-27"
"icaur-v23","iCAUR","V23","","SUV","5399000","59.93","401","CLTC","LFP","7.2 kW / approximately 8.8 hours","85 kW / 30–80% in approximately 50 minutes","210","3 years / 125,000 km","8 years / 160,000 km","8 years","SPG Automobiles Pvt. Ltd.","https://icaurnepal.com/ICAURV23EV","https://icaurnepal.com/ICAURV23EV","official-source-linked","2026-07-27"
"jmev-gse","JMEV","GSE Elight","","SUV","5399000","49","400","NEDC","","","","145","","","","","https://www.ev-nepal.com/cars/jmev-gse-elight-price-in-nepal","","market-directory","2026-07-27"
"byd-m6","BYD","M6","","MPV","5500000","71.8","440","WLTP","BYD Blade Battery","7","115","175","","","","Cimex Inc. Pvt. Ltd.","https://www.ev-nepal.com/cars/byd-m6-price-in-nepal","https://www.byd.com/np","official-source-linked","2026-07-27"
"tata-curvv","Tata","Curvv.ev","","SUV","5699000","55","400","C75","","7.2 / ~7.9hrs (SOC 10% to 100% from 7.2 kW AC Fast Charger, Curvv.ev 55)","70 / 10-80% in ~40 min (70 kW+ charger)","186","3 Year or 1,25,000 km (whichever is earlier)","","8 Year or 1,60,000 km (whichever is earlier)","Sipradi Trading Pvt. Ltd.","https://www.ev-nepal.com/cars/tata-curvv-ev-price-in-nepal","https://cars.tatamotors.com.np/","official-source-linked","2026-07-27"
"mahindra-be6","Mahindra","BE 6","Pack 1 · Pack 2 · Pack 3","SUV","5700000","59","550","WLTP","","","140 kW / 10-80% in 20 min (20 to 80%)","","","","","Agni Incorporated Pvt. Ltd.","https://www.ev-nepal.com/cars/mahindra-be6-price-in-nepal","","market-directory","2026-07-27"
"jaecoo-j5","Jaecoo","J5 EV","","SUV","5699000","58","400","WLTP","Lithium iron phosphate","6.6","130 / 10-80% in 28m","","","","","SPG Automobiles Pvt. Ltd.","https://www.ev-nepal.com/cars/jaecoo-j5-price-in-nepal","https://omodajaecoonepal.com/price","official-source-linked","2026-07-27"
"gac-aiony","GAC","Aion Y","","MPV","5850000","61.5","510","NEDC","Lithium Iron Phosphate Battery (LFP)","6.6","","183","8 years or 160000km","","3 years or 125000km","","https://www.ev-nepal.com/cars/gac-aion-y-price-in-nepal","","market-directory","2026-07-27"
"hyundai-kona","Hyundai","KONA Electric","GL · GLS","SUV","5996000","39.2","305","WLTP","Lithium-ion polymer","6-8 hours","","158","8 years or 150000km","","8 years or 150000km","Laxmi Intercontinental Pvt. Ltd.","https://www.ev-nepal.com/cars/hyundai-kona-price-in-nepal","https://laxmihyundai.com/price-list","official-source-linked","2026-07-27"
"geely-ex5","Geely","Galaxy EX5","Pro · Max","SUV","6200000","60.22","425","WLTP","Lithium Iron Phosphate (LFP)","11","100 / 10-80% in 28 mins","","7 Year, Unlimited km","","","","https://www.ev-nepal.com/cars/geely-galaxy-ex5-price-in-nepal","","market-directory","2026-07-27"
"byd-atto3","BYD","ATTO 3","Advanced · Superior","SUV","6199000","49.92","345","WLTP","LFP","8.5 h with 2kW AC","70","175","","","","Cimex Inc. Pvt. Ltd.","https://www.ev-nepal.com/cars/byd-atto-3-price-in-nepal","https://www.byd.com/np","official-source-linked","2026-07-27"
"riddara-rd6","Riddara","RD6","","Pickup","6500000","63","320","WLTP","Lithium Iron Phosphate","6.6 kW","","225","","","","","https://www.ev-nepal.com/cars/riddara-rd6-price-in-nepal","","market-directory","2026-07-27"
"kia-niro","Kia","Niro EV","","SUV","6990000","64","460","WLTP","Lithium-Ion","11 kW / 6 hr 20 min (10-100%) at 11kW; 9 hr 25 min at 7kW","80 kW / 10-80% in 49 min (10%-80%); 50kW - 65 min","150","8 years","","3 years","Continental Trading Enterprises Pvt. Ltd.","https://www.ev-nepal.com/cars/kia-niro-price-in-nepal","","market-directory","2026-07-27"
"jaecoo-j6t","Jaecoo","J6T","","SUV","6999000","65.69","400","WLTP","Lithium iron phosphate","6.6kW / 10.5h","80kw / 10-80% in 30%-80% 30 min","200","8 years or 150000km","","8 years or 150000km","SPG Automobiles Pvt. Ltd.","https://www.ev-nepal.com/cars/jaecoo-j6-price-in-nepal","https://omodajaecoonepal.com/price","official-source-linked","2026-07-27"
"deepal-l07","Deepal","L07","","Luxury","6999000","66.8","540","WLTP","Ternary Lithium (NMC)","","10-80% in 35 min","155","","","","MAW Vriddhi Autocorp Pvt. Ltd.","https://www.ev-nepal.com/cars/deepal-l07-price-in-nepal","","market-directory","2026-07-27"
"gac-aionv","GAC","Aion V","Elite · Luxury","SUV","6999000","62.7","520","NEDC","LFP","6.6 kW","","185","8 Years or 1,50,000 Km","","","","https://www.ev-nepal.com/cars/gac-aion-v-price-in-nepal","","market-directory","2026-07-27"
"leapmotor-c10","Leapmotor","C10","","SUV","7200000","69.9","420","WLTP","LFP","6.6 / 6.1h (30%-80%)","10-80% in 30min (30%-80%)","190","","","","Shangrila Motors Pvt. Ltd.","https://www.ev-nepal.com/cars/leapmotor-c10-price-in-nepal","https://www.leapmotornepal.com/","official-source-linked","2026-07-27"
"deepal-s07","Deepal","S07","","SUV","7499000","66.8","410","WLTP","Lithium (LFP)","","10-80% in 35 min","","","","","MAW Vriddhi Autocorp Pvt. Ltd.","https://www.ev-nepal.com/cars/deepal-s07-price-in-nepal","","market-directory","2026-07-27"
"byd-sealion7","BYD","SEALION 7","","SUV","7999000","71.8","440","WLTP","BYD Blade Battery","7","110","","","","","Cimex Inc. Pvt. Ltd.","https://www.ev-nepal.com/cars/byd-sealion-7-price-in-nepal","https://www.byd.com/np","official-source-linked","2026-07-27"
"zeekr-x","Zeekr","X","RWD · AWD","Luxury","7999000","66","400","WLTP","Lithium-ion (NCM)","","","191","","","","","https://www.ev-nepal.com/cars/zeekr-x-price-in-nepal","","market-directory","2026-07-27"
"mg-im6","MG","IM6","","Luxury","8199000","75","450","WLTP","LFP","11","153 / 10-80% in 20 mins (30% to 80%)","175","1 year","","","Paramount Motors Pvt. Ltd.","https://www.ev-nepal.com/cars/mg-im6-price-in-nepal","https://mgmotor.com.np/","official-source-linked","2026-07-27"
"xpeng-g6","XPENG","G6","","SUV","8499000","66","435","WLTP","LFP","up to 11 (3-phase) / 7.5hrs (5-100%)","280 / 10-80% in 20min","190","5 Years or 1,20,000 Km (whichever comes earlier on non moving parts)","","8 Years or 1,60,000 Km","CG Motors Pvt. Ltd.","https://www.ev-nepal.com/cars/xpeng-g6-price-in-nepal","","market-directory","2026-07-27"
"hyundai-ioniq5","Hyundai","IONIQ 5","","Luxury","9296000","58.9","375","WLTP","","","","","","","","Laxmi Intercontinental Pvt. Ltd.","https://www.ev-nepal.com/cars/hyundai-ioniq-5-price-in-nepal","https://laxmihyundai.com/price-list","official-source-linked","2026-07-27"
"smart-1","smart","#1","","Luxury","10000000","66","440","WLTP","Lithium (NMC) / Ternary Lithium Battery","22 (Pro+ AC max 7.4kW, Premium AC max 22kW)","","","5 Years or 150,000 km (whichever comes first)","","","","https://www.ev-nepal.com/cars/smart-1-price-in-nepal","","market-directory","2026-07-27"
"smart-3","smart","#3","","Luxury","10000000","66","455","WLTP","Lithium (NMC)","","","","","","","","https://www.ev-nepal.com/cars/smart-3-price-in-nepal","","market-directory","2026-07-27"
"deepal-e07","Deepal","E07","","Luxury","10990000","90","566","WLTP","Ternary Lithium (Golden Shield Battery)","7","240 / 10-80% in 15 minutes","200","","","","MAW Vriddhi Autocorp Pvt. Ltd.","https://www.ev-nepal.com/cars/deepal-e07-price-in-nepal","","market-directory","2026-07-27"
"byd-seal","BYD","SEAL","Dynamic · Premium · Performance","Luxury","11000000","71.8","440","WLTP","BYD Blade Battery","7","110","","","","","Cimex Inc. Pvt. Ltd.","https://www.ev-nepal.com/cars/byd-sealion-7-price-in-nepal","https://www.byd.com/np","official-source-linked","2026-07-27"
"maxus-eterron","Maxus","eTerron 9","","Pickup","11800000","102","560","NEDC","","11kw / 12h (5%-100%)","115kw / 10-80% in 0.7h (20%-80%)","","","","","","https://www.ev-nepal.com/cars/maxus-eterron-9-price-in-nepal","","market-directory","2026-07-27"
"kia-ev6","Kia","EV6","","Luxury","12590000","77.4","528","WLTP","NCM (Pouch)","","350 / 10-80% in 18 min (350 kW fast charger, charged to 80%, 2WD 19","","","","","Continental Trading Enterprises Pvt. Ltd.","https://www.ev-nepal.com/cars/kia-ev6-price-in-nepal","","market-directory","2026-07-27"
"avatr-11","Avatr","11","","Luxury","16000000","116","680","NEDC","Ternary lithium (NMC)","11","240","","","","","","https://www.ev-nepal.com/cars/avatr-avatr-price-in-nepal","","market-directory","2026-07-27"
"mg-cyberster","MG","Cyberster","","Luxury","16800000","77","443","WLTP","","11 kW / 12.5 h (7 kW AC Fast Charger 10-100%)","144 kW / 10-80% in 38 mins (150 kW DC Public Rapid Charger)","","7 years / 150,000 km","","","Paramount Motors Pvt. Ltd.","https://www.ev-nepal.com/cars/mg-cyberster-price-in-nepal","https://mgmotor.com.np/","official-source-linked","2026-07-27"
"kia-ev9","Kia","EV9","","Luxury","17990000","77.4","512","WLTP","NCM","","350","","","","","Continental Trading Enterprises Pvt. Ltd.","https://www.ev-nepal.com/cars/kia-ev9-price-in-nepal","","market-directory","2026-07-27"
"bmw-ix2","BMW","iX2","","Luxury","17996000","66.5","475","WLTP","","","","","3 years or 60,000 km free maintenance; extended warranty up to 5 years or 200,000 km","","","Laxmi Premium Motors Pvt. Ltd.","https://www.ev-nepal.com/cars/bmw-ix2-price-in-nepal","","market-directory","2026-07-27"
"xpeng-x9","XPENG","X9","","Luxury","23000000","84.5","500","WLTP","","","10-80% in 12 minutes","100","5 years manufacturer warranty or first 120,000km, whichever comes first","","","CG Motors Pvt. Ltd.","https://www.ev-nepal.com/cars/xpeng-x9-price-in-nepal","","market-directory","2026-07-27"
"maxus-mifa7","Maxus","MIFA 7","","Luxury","24500000","90","635","WLTP","","11kW / 8 hrs 30 mins (5-80%)","120kW / 10-80% in 40 mins (5-80%)","","5 years / 100,000 km","","","","https://www.ev-nepal.com/cars/maxus-mifa-7-price-in-nepal","","market-directory","2026-07-27"